[
  {
    "name": "Body",
    "parent": "",
    "centerX": "0.0",
    "centerY": "2.0",
    "centerZ": "0.0"
  },
  {
    "name": "LeftArm",
    "parent": "Body",
    "centerX": "0.9",
    "centerY": "3.2",
    "centerZ": "-0.1"
  },
  {
    "name": "LeftHead",
    "parent": "Body",
    "centerX": "0.4",
    "centerY": "3.5",
    "centerZ": "0.2"
  },
  {
    "name": "LeftLeg",
    "parent": "Body",
    "centerX": "0.4",
    "centerY": "1.2",
    "centerZ": "0.0"
  },
  {
    "name": "RightArm",
    "parent": "Body",
    "centerX": "-0.9",
    "centerY": "3.2",
    "centerZ": "-0.1"
  },
  {
    "name": "RightHead",
    "parent": "Body",
    "centerX": "-0.4",
    "centerY": "3.5",
    "centerZ": "0.2"
  },
  {
    "name": "RightLeg",
    "parent": "Body",
    "centerX": "-0.4",
    "centerY": "1.2",
    "centerZ": "0.0"
  }
]